record_type,text,source_url,collected_at,original_data
post,sunt aut facere repellat provident occaecati excepturi optio reprehenderit,https://jsonplaceholder.typicode.com/posts/1,,"{""post_id"": ""1"", ""user_id"": ""1"", ""title"": ""sunt aut facere repellat provident occaecati excepturi optio reprehenderit""}"
post,qui est esse,https://jsonplaceholder.typicode.com/posts/2,,"{""post_id"": ""2"", ""user_id"": ""1"", ""title"": ""qui est esse""}"
post,ea molestias quasi exercitationem repellat qui ipsa sit aut,https://jsonplaceholder.typicode.com/posts/3,,"{""post_id"": ""3"", ""user_id"": ""1"", ""title"": ""ea molestias quasi exercitationem repellat qui ipsa sit aut""}"
post,eum et est occaecati,https://jsonplaceholder.typicode.com/posts/4,,"{""post_id"": ""4"", ""user_id"": ""1"", ""title"": ""eum et est occaecati""}"
post,nesciunt quas odio,https://jsonplaceholder.typicode.com/posts/5,,"{""post_id"": ""5"", ""user_id"": ""1"", ""title"": ""nesciunt quas odio""}"
post,dolorem eum magni eos aperiam quia,https://jsonplaceholder.typicode.com/posts/6,,"{""post_id"": ""6"", ""user_id"": ""1"", ""title"": ""dolorem eum magni eos aperiam quia""}"
post,magnam facilis autem,https://jsonplaceholder.typicode.com/posts/7,,"{""post_id"": ""7"", ""user_id"": ""1"", ""title"": ""magnam facilis autem""}"
post,dolorem dolore est ipsam,https://jsonplaceholder.typicode.com/posts/8,,"{""post_id"": ""8"", ""user_id"": ""1"", ""title"": ""dolorem dolore est ipsam""}"
post,nesciunt iure omnis dolorem tempora et accusantium,https://jsonplaceholder.typicode.com/posts/9,,"{""post_id"": ""9"", ""user_id"": ""1"", ""title"": ""nesciunt iure omnis dolorem tempora et accusantium""}"
post,optio molestias id quia eum,https://jsonplaceholder.typicode.com/posts/10,,"{""post_id"": ""10"", ""user_id"": ""1"", ""title"": ""optio molestias id quia eum""}"
post,et ea vero quia laudantium autem,https://jsonplaceholder.typicode.com/posts/11,,"{""post_id"": ""11"", ""user_id"": ""2"", ""title"": ""et ea vero quia laudantium autem""}"
post,in quibusdam tempore odit est dolorem,https://jsonplaceholder.typicode.com/posts/12,,"{""post_id"": ""12"", ""user_id"": ""2"", ""title"": ""in quibusdam tempore odit est dolorem""}"
post,dolorum ut in voluptas mollitia et saepe quo animi,https://jsonplaceholder.typicode.com/posts/13,,"{""post_id"": ""13"", ""user_id"": ""2"", ""title"": ""dolorum ut in voluptas mollitia et saepe quo animi""}"
post,voluptatem eligendi optio,https://jsonplaceholder.typicode.com/posts/14,,"{""post_id"": ""14"", ""user_id"": ""2"", ""title"": ""voluptatem eligendi optio""}"
post,eveniet quod temporibus,https://jsonplaceholder.typicode.com/posts/15,,"{""post_id"": ""15"", ""user_id"": ""2"", ""title"": ""eveniet quod temporibus""}"
post,sint suscipit perspiciatis velit dolorum rerum ipsa laboriosam odio,https://jsonplaceholder.typicode.com/posts/16,,"{""post_id"": ""16"", ""user_id"": ""2"", ""title"": ""sint suscipit perspiciatis velit dolorum rerum ipsa laboriosam odio""}"
post,fugit voluptas sed molestias voluptatem provident,https://jsonplaceholder.typicode.com/posts/17,,"{""post_id"": ""17"", ""user_id"": ""2"", ""title"": ""fugit voluptas sed molestias voluptatem provident""}"
post,voluptate et itaque vero tempora molestiae,https://jsonplaceholder.typicode.com/posts/18,,"{""post_id"": ""18"", ""user_id"": ""2"", ""title"": ""voluptate et itaque vero tempora molestiae""}"
post,adipisci placeat illum aut reiciendis qui,https://jsonplaceholder.typicode.com/posts/19,,"{""post_id"": ""19"", ""user_id"": ""2"", ""title"": ""adipisci placeat illum aut reiciendis qui""}"
post,doloribus ad provident suscipit at,https://jsonplaceholder.typicode.com/posts/20,,"{""post_id"": ""20"", ""user_id"": ""2"", ""title"": ""doloribus ad provident suscipit at""}"
post,asperiores ea ipsam voluptatibus modi minima quia sint,https://jsonplaceholder.typicode.com/posts/21,,"{""post_id"": ""21"", ""user_id"": ""3"", ""title"": ""asperiores ea ipsam voluptatibus modi minima quia sint""}"
post,dolor sint quo a velit explicabo quia nam,https://jsonplaceholder.typicode.com/posts/22,,"{""post_id"": ""22"", ""user_id"": ""3"", ""title"": ""dolor sint quo a velit explicabo quia nam""}"
post,maxime id vitae nihil numquam,https://jsonplaceholder.typicode.com/posts/23,,"{""post_id"": ""23"", ""user_id"": ""3"", ""title"": ""maxime id vitae nihil numquam""}"
post,autem hic labore sunt dolores incidunt,https://jsonplaceholder.typicode.com/posts/24,,"{""post_id"": ""24"", ""user_id"": ""3"", ""title"": ""autem hic labore sunt dolores incidunt""}"
post,rem alias distinctio quo quis,https://jsonplaceholder.typicode.com/posts/25,,"{""post_id"": ""25"", ""user_id"": ""3"", ""title"": ""rem alias distinctio quo quis""}"
post,est et quae odit qui non,https://jsonplaceholder.typicode.com/posts/26,,"{""post_id"": ""26"", ""user_id"": ""3"", ""title"": ""est et quae odit qui non""}"
post,quasi id et eos tenetur aut quo autem,https://jsonplaceholder.typicode.com/posts/27,,"{""post_id"": ""27"", ""user_id"": ""3"", ""title"": ""quasi id et eos tenetur aut quo autem""}"
post,delectus ullam et corporis nulla voluptas sequi,https://jsonplaceholder.typicode.com/posts/28,,"{""post_id"": ""28"", ""user_id"": ""3"", ""title"": ""delectus ullam et corporis nulla voluptas sequi""}"
post,iusto eius quod necessitatibus culpa ea,https://jsonplaceholder.typicode.com/posts/29,,"{""post_id"": ""29"", ""user_id"": ""3"", ""title"": ""iusto eius quod necessitatibus culpa ea""}"
post,a quo magni similique perferendis,https://jsonplaceholder.typicode.com/posts/30,,"{""post_id"": ""30"", ""user_id"": ""3"", ""title"": ""a quo magni similique perferendis""}"
post,ullam ut quidem id aut vel consequuntur,https://jsonplaceholder.typicode.com/posts/31,,"{""post_id"": ""31"", ""user_id"": ""4"", ""title"": ""ullam ut quidem id aut vel consequuntur""}"
post,doloremque illum aliquid sunt,https://jsonplaceholder.typicode.com/posts/32,,"{""post_id"": ""32"", ""user_id"": ""4"", ""title"": ""doloremque illum aliquid sunt""}"
post,qui explicabo molestiae dolorem,https://jsonplaceholder.typicode.com/posts/33,,"{""post_id"": ""33"", ""user_id"": ""4"", ""title"": ""qui explicabo molestiae dolorem""}"
post,magnam ut rerum iure,https://jsonplaceholder.typicode.com/posts/34,,"{""post_id"": ""34"", ""user_id"": ""4"", ""title"": ""magnam ut rerum iure""}"
post,id nihil consequatur molestias animi provident,https://jsonplaceholder.typicode.com/posts/35,,"{""post_id"": ""35"", ""user_id"": ""4"", ""title"": ""id nihil consequatur molestias animi provident""}"
post,fuga nam accusamus voluptas reiciendis itaque,https://jsonplaceholder.typicode.com/posts/36,,"{""post_id"": ""36"", ""user_id"": ""4"", ""title"": ""fuga nam accusamus voluptas reiciendis itaque""}"
post,provident vel ut sit ratione est,https://jsonplaceholder.typicode.com/posts/37,,"{""post_id"": ""37"", ""user_id"": ""4"", ""title"": ""provident vel ut sit ratione est""}"
post,explicabo et eos deleniti nostrum ab id repellendus,https://jsonplaceholder.typicode.com/posts/38,,"{""post_id"": ""38"", ""user_id"": ""4"", ""title"": ""explicabo et eos deleniti nostrum ab id repellendus""}"
post,eos dolorem iste accusantium est eaque quam,https://jsonplaceholder.typicode.com/posts/39,,"{""post_id"": ""39"", ""user_id"": ""4"", ""title"": ""eos dolorem iste accusantium est eaque quam""}"
post,enim quo cumque,https://jsonplaceholder.typicode.com/posts/40,,"{""post_id"": ""40"", ""user_id"": ""4"", ""title"": ""enim quo cumque""}"
post,non est facere,https://jsonplaceholder.typicode.com/posts/41,,"{""post_id"": ""41"", ""user_id"": ""5"", ""title"": ""non est facere""}"
post,commodi ullam sint et excepturi error explicabo praesentium voluptas,https://jsonplaceholder.typicode.com/posts/42,,"{""post_id"": ""42"", ""user_id"": ""5"", ""title"": ""commodi ullam sint et excepturi error explicabo praesentium voluptas""}"
post,eligendi iste nostrum consequuntur adipisci praesentium sit beatae perferendis,https://jsonplaceholder.typicode.com/posts/43,,"{""post_id"": ""43"", ""user_id"": ""5"", ""title"": ""eligendi iste nostrum consequuntur adipisci praesentium sit beatae perferendis""}"
post,optio dolor molestias sit,https://jsonplaceholder.typicode.com/posts/44,,"{""post_id"": ""44"", ""user_id"": ""5"", ""title"": ""optio dolor molestias sit""}"
post,ut numquam possimus omnis eius suscipit laudantium iure,https://jsonplaceholder.typicode.com/posts/45,,"{""post_id"": ""45"", ""user_id"": ""5"", ""title"": ""ut numquam possimus omnis eius suscipit laudantium iure""}"
post,aut quo modi neque nostrum ducimus,https://jsonplaceholder.typicode.com/posts/46,,"{""post_id"": ""46"", ""user_id"": ""5"", ""title"": ""aut quo modi neque nostrum ducimus""}"
post,quibusdam cumque rem aut deserunt,https://jsonplaceholder.typicode.com/posts/47,,"{""post_id"": ""47"", ""user_id"": ""5"", ""title"": ""quibusdam cumque rem aut deserunt""}"
post,ut voluptatem illum ea doloribus itaque eos,https://jsonplaceholder.typicode.com/posts/48,,"{""post_id"": ""48"", ""user_id"": ""5"", ""title"": ""ut voluptatem illum ea doloribus itaque eos""}"
post,laborum non sunt aut ut assumenda perspiciatis voluptas,https://jsonplaceholder.typicode.com/posts/49,,"{""post_id"": ""49"", ""user_id"": ""5"", ""title"": ""laborum non sunt aut ut assumenda perspiciatis voluptas""}"
post,repellendus qui recusandae incidunt voluptates tenetur qui omnis exercitationem,https://jsonplaceholder.typicode.com/posts/50,,"{""post_id"": ""50"", ""user_id"": ""5"", ""title"": ""repellendus qui recusandae incidunt voluptates tenetur qui omnis exercitationem""}"
post,soluta aliquam aperiam consequatur illo quis voluptas,https://jsonplaceholder.typicode.com/posts/51,,"{""post_id"": ""51"", ""user_id"": ""6"", ""title"": ""soluta aliquam aperiam consequatur illo quis voluptas""}"
post,qui enim et consequuntur quia animi quis voluptate quibusdam,https://jsonplaceholder.typicode.com/posts/52,,"{""post_id"": ""52"", ""user_id"": ""6"", ""title"": ""qui enim et consequuntur quia animi quis voluptate quibusdam""}"
post,ut quo aut ducimus alias,https://jsonplaceholder.typicode.com/posts/53,,"{""post_id"": ""53"", ""user_id"": ""6"", ""title"": ""ut quo aut ducimus alias""}"
post,sit asperiores ipsam eveniet odio non quia,https://jsonplaceholder.typicode.com/posts/54,,"{""post_id"": ""54"", ""user_id"": ""6"", ""title"": ""sit asperiores ipsam eveniet odio non quia""}"
post,sit vel voluptatem et non libero,https://jsonplaceholder.typicode.com/posts/55,,"{""post_id"": ""55"", ""user_id"": ""6"", ""title"": ""sit vel voluptatem et non libero""}"
post,qui et at rerum necessitatibus,https://jsonplaceholder.typicode.com/posts/56,,"{""post_id"": ""56"", ""user_id"": ""6"", ""title"": ""qui et at rerum necessitatibus""}"
post,sed ab est est,https://jsonplaceholder.typicode.com/posts/57,,"{""post_id"": ""57"", ""user_id"": ""6"", ""title"": ""sed ab est est""}"
post,voluptatum itaque dolores nisi et quasi,https://jsonplaceholder.typicode.com/posts/58,,"{""post_id"": ""58"", ""user_id"": ""6"", ""title"": ""voluptatum itaque dolores nisi et quasi""}"
post,qui commodi dolor at maiores et quis id accusantium,https://jsonplaceholder.typicode.com/posts/59,,"{""post_id"": ""59"", ""user_id"": ""6"", ""title"": ""qui commodi dolor at maiores et quis id accusantium""}"
post,consequatur placeat omnis quisquam quia reprehenderit fugit veritatis facere,https://jsonplaceholder.typicode.com/posts/60,,"{""post_id"": ""60"", ""user_id"": ""6"", ""title"": ""consequatur placeat omnis quisquam quia reprehenderit fugit veritatis facere""}"
post,voluptatem doloribus consectetur est ut ducimus,https://jsonplaceholder.typicode.com/posts/61,,"{""post_id"": ""61"", ""user_id"": ""7"", ""title"": ""voluptatem doloribus consectetur est ut ducimus""}"
post,beatae enim quia vel,https://jsonplaceholder.typicode.com/posts/62,,"{""post_id"": ""62"", ""user_id"": ""7"", ""title"": ""beatae enim quia vel""}"
post,voluptas blanditiis repellendus animi ducimus error sapiente et suscipit,https://jsonplaceholder.typicode.com/posts/63,,"{""post_id"": ""63"", ""user_id"": ""7"", ""title"": ""voluptas blanditiis repellendus animi ducimus error sapiente et suscipit""}"
post,et fugit quas eum in in aperiam quod,https://jsonplaceholder.typicode.com/posts/64,,"{""post_id"": ""64"", ""user_id"": ""7"", ""title"": ""et fugit quas eum in in aperiam quod""}"
post,consequatur id enim sunt et et,https://jsonplaceholder.typicode.com/posts/65,,"{""post_id"": ""65"", ""user_id"": ""7"", ""title"": ""consequatur id enim sunt et et""}"
post,repudiandae ea animi iusto,https://jsonplaceholder.typicode.com/posts/66,,"{""post_id"": ""66"", ""user_id"": ""7"", ""title"": ""repudiandae ea animi iusto""}"
post,aliquid eos sed fuga est maxime repellendus,https://jsonplaceholder.typicode.com/posts/67,,"{""post_id"": ""67"", ""user_id"": ""7"", ""title"": ""aliquid eos sed fuga est maxime repellendus""}"
post,odio quis facere architecto reiciendis optio,https://jsonplaceholder.typicode.com/posts/68,,"{""post_id"": ""68"", ""user_id"": ""7"", ""title"": ""odio quis facere architecto reiciendis optio""}"
post,fugiat quod pariatur odit minima,https://jsonplaceholder.typicode.com/posts/69,,"{""post_id"": ""69"", ""user_id"": ""7"", ""title"": ""fugiat quod pariatur odit minima""}"
post,voluptatem laborum magni,https://jsonplaceholder.typicode.com/posts/70,,"{""post_id"": ""70"", ""user_id"": ""7"", ""title"": ""voluptatem laborum magni""}"
post,et iusto veniam et illum aut fuga,https://jsonplaceholder.typicode.com/posts/71,,"{""post_id"": ""71"", ""user_id"": ""8"", ""title"": ""et iusto veniam et illum aut fuga""}"
post,sint hic doloribus consequatur eos non id,https://jsonplaceholder.typicode.com/posts/72,,"{""post_id"": ""72"", ""user_id"": ""8"", ""title"": ""sint hic doloribus consequatur eos non id""}"
post,consequuntur deleniti eos quia temporibus ab aliquid at,https://jsonplaceholder.typicode.com/posts/73,,"{""post_id"": ""73"", ""user_id"": ""8"", ""title"": ""consequuntur deleniti eos quia temporibus ab aliquid at""}"
post,enim unde ratione doloribus quas enim ut sit sapiente,https://jsonplaceholder.typicode.com/posts/74,,"{""post_id"": ""74"", ""user_id"": ""8"", ""title"": ""enim unde ratione doloribus quas enim ut sit sapiente""}"
post,dignissimos eum dolor ut enim et delectus in,https://jsonplaceholder.typicode.com/posts/75,,"{""post_id"": ""75"", ""user_id"": ""8"", ""title"": ""dignissimos eum dolor ut enim et delectus in""}"
post,doloremque officiis ad et non perferendis,https://jsonplaceholder.typicode.com/posts/76,,"{""post_id"": ""76"", ""user_id"": ""8"", ""title"": ""doloremque officiis ad et non perferendis""}"
post,necessitatibus quasi exercitationem odio,https://jsonplaceholder.typicode.com/posts/77,,"{""post_id"": ""77"", ""user_id"": ""8"", ""title"": ""necessitatibus quasi exercitationem odio""}"
post,quam voluptatibus rerum veritatis,https://jsonplaceholder.typicode.com/posts/78,,"{""post_id"": ""78"", ""user_id"": ""8"", ""title"": ""quam voluptatibus rerum veritatis""}"
post,pariatur consequatur quia magnam autem omnis non amet,https://jsonplaceholder.typicode.com/posts/79,,"{""post_id"": ""79"", ""user_id"": ""8"", ""title"": ""pariatur consequatur quia magnam autem omnis non amet""}"
post,labore in ex et explicabo corporis aut quas,https://jsonplaceholder.typicode.com/posts/80,,"{""post_id"": ""80"", ""user_id"": ""8"", ""title"": ""labore in ex et explicabo corporis aut quas""}"
post,tempora rem veritatis voluptas quo dolores vero,https://jsonplaceholder.typicode.com/posts/81,,"{""post_id"": ""81"", ""user_id"": ""9"", ""title"": ""tempora rem veritatis voluptas quo dolores vero""}"
post,laudantium voluptate suscipit sunt enim enim,https://jsonplaceholder.typicode.com/posts/82,,"{""post_id"": ""82"", ""user_id"": ""9"", ""title"": ""laudantium voluptate suscipit sunt enim enim""}"
post,odit et voluptates doloribus alias odio et,https://jsonplaceholder.typicode.com/posts/83,,"{""post_id"": ""83"", ""user_id"": ""9"", ""title"": ""odit et voluptates doloribus alias odio et""}"
post,optio ipsam molestias necessitatibus occaecati facilis veritatis dolores aut,https://jsonplaceholder.typicode.com/posts/84,,"{""post_id"": ""84"", ""user_id"": ""9"", ""title"": ""optio ipsam molestias necessitatibus occaecati facilis veritatis dolores aut""}"
post,dolore veritatis porro provident adipisci blanditiis et sunt,https://jsonplaceholder.typicode.com/posts/85,,"{""post_id"": ""85"", ""user_id"": ""9"", ""title"": ""dolore veritatis porro provident adipisci blanditiis et sunt""}"
post,placeat quia et porro iste,https://jsonplaceholder.typicode.com/posts/86,,"{""post_id"": ""86"", ""user_id"": ""9"", ""title"": ""placeat quia et porro iste""}"
post,nostrum quis quasi placeat,https://jsonplaceholder.typicode.com/posts/87,,"{""post_id"": ""87"", ""user_id"": ""9"", ""title"": ""nostrum quis quasi placeat""}"
post,sapiente omnis fugit eos,https://jsonplaceholder.typicode.com/posts/88,,"{""post_id"": ""88"", ""user_id"": ""9"", ""title"": ""sapiente omnis fugit eos""}"
post,sint soluta et vel magnam aut ut sed qui,https://jsonplaceholder.typicode.com/posts/89,,"{""post_id"": ""89"", ""user_id"": ""9"", ""title"": ""sint soluta et vel magnam aut ut sed qui""}"
post,ad iusto omnis odit dolor voluptatibus,https://jsonplaceholder.typicode.com/posts/90,,"{""post_id"": ""90"", ""user_id"": ""9"", ""title"": ""ad iusto omnis odit dolor voluptatibus""}"
post,aut amet sed,https://jsonplaceholder.typicode.com/posts/91,,"{""post_id"": ""91"", ""user_id"": ""10"", ""title"": ""aut amet sed""}"
post,ratione ex tenetur perferendis,https://jsonplaceholder.typicode.com/posts/92,,"{""post_id"": ""92"", ""user_id"": ""10"", ""title"": ""ratione ex tenetur perferendis""}"
post,beatae soluta recusandae,https://jsonplaceholder.typicode.com/posts/93,,"{""post_id"": ""93"", ""user_id"": ""10"", ""title"": ""beatae soluta recusandae""}"
post,qui qui voluptates illo iste minima,https://jsonplaceholder.typicode.com/posts/94,,"{""post_id"": ""94"", ""user_id"": ""10"", ""title"": ""qui qui voluptates illo iste minima""}"
post,id minus libero illum nam ad officiis,https://jsonplaceholder.typicode.com/posts/95,,"{""post_id"": ""95"", ""user_id"": ""10"", ""title"": ""id minus libero illum nam ad officiis""}"
post,quaerat velit veniam amet cupiditate aut numquam ut sequi,https://jsonplaceholder.typicode.com/posts/96,,"{""post_id"": ""96"", ""user_id"": ""10"", ""title"": ""quaerat velit veniam amet cupiditate aut numquam ut sequi""}"
post,quas fugiat ut perspiciatis vero provident,https://jsonplaceholder.typicode.com/posts/97,,"{""post_id"": ""97"", ""user_id"": ""10"", ""title"": ""quas fugiat ut perspiciatis vero provident""}"
post,laboriosam dolor voluptates,https://jsonplaceholder.typicode.com/posts/98,,"{""post_id"": ""98"", ""user_id"": ""10"", ""title"": ""laboriosam dolor voluptates""}"
post,temporibus sit alias delectus eligendi possimus magni,https://jsonplaceholder.typicode.com/posts/99,,"{""post_id"": ""99"", ""user_id"": ""10"", ""title"": ""temporibus sit alias delectus eligendi possimus magni""}"
post,at nam consequatur ea labore ea harum,https://jsonplaceholder.typicode.com/posts/100,,"{""post_id"": ""100"", ""user_id"": ""10"", ""title"": ""at nam consequatur ea labore ea harum""}"
