text,author,source_url,published_at,collected_at
“The world as we have created it is a process of our thinking. It cannot be changed without changing our thinking.”,Albert Einstein,https://quotes.toscrape.com/,,2026-09-28T05:45:52+00:00
"“It is our choices, Harry, that show what we truly are, far more than our abilities.”",J.K. Rowling,https://quotes.toscrape.com/,,2026-09-28T05:45:52+00:00
“There are only two ways to live your life. One is as though nothing is a miracle. The other is as though everything is a miracle.”,Albert Einstein,https://quotes.toscrape.com/,,2026-09-28T05:45:52+00:00
"“The person, be it gentleman or lady, who has not pleasure in a good novel, must be intolerably stupid.”",Jane Austen,https://quotes.toscrape.com/,,2026-09-28T05:45:52+00:00
"“Imperfection is beauty, madness is genius and it's better to be absolutely ridiculous than absolutely boring.”",Marilyn Monroe,https://quotes.toscrape.com/,,2026-09-28T05:45:52+00:00
“Try not to become a man of success. Rather become a man of value.”,Albert Einstein,https://quotes.toscrape.com/,,2026-09-28T05:45:52+00:00
“It is better to be hated for what you are than to be loved for what you are not.”,André Gide,https://quotes.toscrape.com/,,2026-09-28T05:45:52+00:00
"“I have not failed. I've just found 10,000 ways that won't work.”",Thomas A. Edison,https://quotes.toscrape.com/,,2026-09-28T05:45:52+00:00
“A woman is like a tea bag; you never know how strong it is until it's in hot water.”,Eleanor Roosevelt,https://quotes.toscrape.com/,,2026-09-28T05:45:52+00:00
"“A day without sunshine is like, you know, night.”",Steve Martin,https://quotes.toscrape.com/,,2026-09-28T05:45:52+00:00
